UID,UNM,CMT
955,Andre d,930
155259,Max Goodman,816
76310,Neil Williams,656
155195,Brian Simpson,332
155199,Logan Hanks,234
155864,Keith Mitchell,222
155842,Chad Birch,124
156166,Christopher Slowe,124
155140,David King,115
505626,spez,104
155543,shlurbee,66
155366,Ricky Ramirez,64
153444,Bryce Boe,57
155154,Robert Tyler Nielson,52
19083,Josh Muhlfelder,52
47820,David H.,48
155868,Jason Harvey,43
156087,Edward Wu,42
156058,Jeff Sandberg,35
155775,Jeremy Edberg,26
505624,Mike,26
155471,Kevin Kress,23
155364,DEADB33F,21
155600,aperson,21
89258,Andrew Smith,21
155477,Jonas Häggqvist,18
155862,Roger Ostrander,17
151562,Joe Alcorn,15
155338,Dave Pifke,15
62975,maxwellhansen,15
