PQID,UID,Year,Month,Day,CMT_AMT,CAT,UNM
90857,156166,2008,6,18,3,M,Christopher Slowe
90889,505626,2008,6,20,3,M,spez
90605,155140,2008,6,30,9,M,David King
90606,155140,2008,7,3,4,M,David King
90771,155775,2008,7,24,4,M,Jeremy Edberg
90890,505626,2008,7,24,3,M,spez
90858,156166,2008,7,30,16,M,Christopher Slowe
90607,155140,2008,8,27,7,M,David King
90859,156166,2008,8,28,4,M,Christopher Slowe
90772,155775,2008,9,24,8,M,Jeremy Edberg
90860,156166,2008,9,26,9,M,Christopher Slowe
90891,505626,2008,9,30,14,M,spez
90608,155140,2008,9,30,15,M,David King
90609,155140,2008,10,6,3,M,David King
90773,155775,2008,10,15,3,M,Jeremy Edberg
90861,156166,2008,10,24,11,M,Christopher Slowe
90892,505626,2008,10,29,14,M,spez
90893,505626,2008,11,19,12,M,spez
90610,155140,2008,11,20,6,M,David King
90894,505626,2008,12,16,4,M,spez
90611,155140,2008,12,17,9,M,David King
90895,505626,2009,1,28,5,M,spez
90862,156166,2009,1,29,10,M,Christopher Slowe
90774,155775,2009,2,6,1,M,Jeremy Edberg
90863,156166,2009,2,19,10,M,Christopher Slowe
90896,505626,2009,2,24,13,M,spez
90877,505624,2009,2,24,1,M,Mike
90612,155140,2009,2,27,7,M,David King
90613,155140,2009,3,11,3,M,David King
90864,156166,2009,3,19,11,M,Christopher Slowe
90775,155775,2009,3,25,3,M,Jeremy Edberg
90897,505626,2009,3,25,8,M,spez
90878,505624,2009,4,10,3,M,Mike
90898,505626,2009,4,17,2,M,spez
90614,155140,2009,4,25,1,M,David King
90865,156166,2009,4,27,3,M,Christopher Slowe
90776,155775,2009,4,29,3,M,Jeremy Edberg
90879,505624,2009,5,15,5,M,Mike
90866,156166,2009,5,26,12,M,Christopher Slowe
90615,155140,2009,5,29,6,M,David King
90899,505626,2009,5,30,7,M,spez
90900,505626,2009,6,22,13,M,spez
90616,155140,2009,6,24,3,M,David King
90880,505624,2009,6,26,9,M,Mike
90867,156166,2009,6,29,7,M,Christopher Slowe
90881,505624,2009,7,16,7,M,Mike
90868,156166,2009,7,22,18,M,Christopher Slowe
90617,155140,2009,7,31,15,M,David King
90901,505626,2009,7,31,6,M,spez
90777,155775,2009,8,6,1,M,Jeremy Edberg
90618,155140,2009,8,11,3,M,David King
90869,156166,2009,8,12,2,M,Christopher Slowe
90870,156166,2009,12,1,1,M,Christopher Slowe
90619,155140,2010,5,3,2,M,David King
90882,505624,2010,5,3,1,M,Mike
90778,155775,2010,5,17,2,M,Jeremy Edberg
90871,156166,2010,5,28,5,M,Christopher Slowe
90872,156166,2010,6,25,2,M,Christopher Slowe
90620,155140,2010,7,21,1,M,David King
42146,155140,2010,10,18,5,O,David King
42148,155140,2010,10,18,5,O,David King
42147,155140,2010,10,18,5,O,David King
42072,155154,2010,10,20,5,O,Robert Tyler Nielson
90681,155259,2010,10,20,1,M,Max Goodman
42147,155154,2010,10,20,2,O,Robert Tyler Nielson
42125,155154,2010,10,20,5,O,Robert Tyler Nielson
42129,155154,2010,10,20,5,O,Robert Tyler Nielson
90625,155154,2010,10,27,1,M,Robert Tyler Nielson
90621,155140,2011,2,23,1,M,David King
42125,155154,2011,4,12,9,O,Robert Tyler Nielson
42072,155154,2011,4,12,9,O,Robert Tyler Nielson
90555,76310,2011,4,27,3,M,Neil Williams
90682,155259,2011,5,18,26,M,Max Goodman
42086,955,2011,5,19,1,O,Andre d
90515,955,2011,5,19,2,M,Andre d
42084,955,2011,5,20,1,O,Andre d
42085,955,2011,5,20,1,O,Andre d
90556,76310,2011,5,25,7,M,Neil Williams
90622,155140,2011,5,26,1,M,David King
42125,155154,2011,5,26,1,O,Robert Tyler Nielson
42072,155154,2011,5,26,1,O,Robert Tyler Nielson
90557,76310,2011,6,9,15,M,Neil Williams
90626,155154,2011,6,14,1,M,Robert Tyler Nielson
42077,155199,2011,6,14,3,O,Logan Hanks
42125,155154,2011,6,14,4,O,Robert Tyler Nielson
42079,155195,2011,6,14,7,O,Brian Simpson
42075,155199,2011,6,14,2,O,Logan Hanks
42072,155154,2011,6,14,4,O,Robert Tyler Nielson
90629,155195,2011,6,16,2,M,Brian Simpson
42074,155199,2011,6,16,1,O,Logan Hanks
90803,155864,2011,6,17,4,M,Keith Mitchell
90656,155199,2011,6,21,7,M,Logan Hanks
90824,155868,2011,6,28,1,M,Jason Harvey
90842,156058,2011,6,28,2,M,Jeff Sandberg
42070,155600,2011,6,29,1,O,aperson
90759,155600,2011,6,29,1,M,aperson
90683,155259,2011,6,29,32,M,Max Goodman
41944,155600,2011,6,29,1,O,aperson
42072,155154,2011,7,3,1,O,Robert Tyler Nielson
90804,155864,2011,7,7,9,M,Keith Mitchell
90627,155154,2011,7,11,1,M,Robert Tyler Nielson
44130,155154,2011,7,11,3,O,Robert Tyler Nielson
42071,155195,2011,7,16,1,O,Brian Simpson
42064,955,2011,7,18,1,O,Andre d
90760,155600,2011,7,18,1,M,aperson
42070,155600,2011,7,18,3,O,aperson
90516,955,2011,7,18,3,M,Andre d
41944,155600,2011,7,18,3,O,aperson
44068,955,2011,7,19,1,O,Andre d
90558,76310,2011,7,21,9,M,Neil Williams
90825,155868,2011,7,21,1,M,Jason Harvey
90843,156058,2011,7,25,24,M,Jeff Sandberg
44027,955,2011,7,25,1,O,Andre d
42065,955,2011,7,25,5,O,Andre d
90684,155259,2011,7,26,9,M,Max Goodman
90657,155199,2011,7,27,11,M,Logan Hanks
42062,955,2011,7,28,5,O,Andre d
90630,155195,2011,7,29,4,M,Brian Simpson
42060,955,2011,7,30,1,O,Andre d
44068,955,2011,8,3,6,O,Andre d
42062,955,2011,8,3,2,O,Andre d
90658,155199,2011,8,5,14,M,Logan Hanks
90517,955,2011,8,8,7,M,Andre d
42056,955,2011,8,10,4,O,Andre d
42055,955,2011,8,10,2,O,Andre d
90685,155259,2011,8,13,16,M,Max Goodman
90805,155864,2011,8,15,4,M,Keith Mitchell
90826,155868,2011,8,18,1,M,Jason Harvey
90631,155195,2011,8,18,5,M,Brian Simpson
42042,955,2011,8,22,4,O,Andre d
90559,76310,2011,8,24,19,M,Neil Williams
42034,155477,2011,8,27,5,O,Jonas Häggqvist
43913,155477,2011,8,27,1,O,Jonas Häggqvist
90747,155477,2011,8,29,6,M,Jonas Häggqvist
90844,156058,2011,8,31,9,M,Jeff Sandberg
44027,955,2011,9,1,2,O,Andre d
90560,76310,2011,9,3,11,M,Neil Williams
90632,155195,2011,9,7,2,M,Brian Simpson
44068,955,2011,9,15,2,O,Andre d
90659,155199,2011,9,23,14,M,Logan Hanks
90686,155259,2011,9,23,28,M,Max Goodman
42018,955,2011,9,29,1,O,Andre d
90518,955,2011,9,29,2,M,Andre d
90687,155259,2011,10,7,37,M,Max Goodman
90806,155864,2011,10,13,2,M,Keith Mitchell
42003,19083,2011,10,18,4,O,Josh Muhlfelder
42007,19083,2011,10,18,4,O,Josh Muhlfelder
42006,19083,2011,10,18,4,O,Josh Muhlfelder
90561,76310,2011,10,21,21,M,Neil Williams
90633,155195,2011,10,21,2,M,Brian Simpson
44027,955,2011,10,25,3,O,Andre d
90519,955,2011,10,26,3,M,Andre d
90660,155199,2011,10,28,16,M,Logan Hanks
42006,156087,2011,10,29,1,O,Edward Wu
42003,156087,2011,10,29,1,O,Edward Wu
42007,156087,2011,10,29,1,O,Edward Wu
42006,19083,2011,11,1,6,O,Josh Muhlfelder
42003,19083,2011,11,1,6,O,Josh Muhlfelder
42007,19083,2011,11,1,6,O,Josh Muhlfelder
42013,955,2011,11,1,1,O,Andre d
90634,155195,2011,11,7,5,M,Brian Simpson
90661,155199,2011,11,7,17,M,Logan Hanks
42007,156087,2011,11,8,13,O,Edward Wu
42006,156087,2011,11,8,13,O,Edward Wu
42003,156087,2011,11,8,13,O,Edward Wu
42012,955,2011,11,11,1,O,Andre d
90520,955,2011,11,11,2,M,Andre d
41982,153444,2011,11,13,1,O,Bryce Boe
42011,153444,2011,11,13,1,O,Bryce Boe
90595,153444,2011,11,15,1,M,Bryce Boe
42010,153444,2011,11,15,1,O,Bryce Boe
90807,155864,2011,11,15,3,M,Keith Mitchell
90562,76310,2011,11,17,31,M,Neil Williams
90688,155259,2011,11,27,28,M,Max Goodman
42006,19083,2011,12,1,8,O,Josh Muhlfelder
42003,19083,2011,12,1,11,O,Josh Muhlfelder
42007,19083,2011,12,1,3,O,Josh Muhlfelder
90596,153444,2011,12,5,3,M,Bryce Boe
41999,153444,2011,12,5,1,O,Bryce Boe
41998,153444,2011,12,6,1,O,Bryce Boe
41994,153444,2011,12,9,1,O,Bryce Boe
90623,155140,2011,12,14,1,M,David King
90662,155199,2011,12,14,6,M,Logan Hanks
41990,47820,2011,12,15,1,O,David H.
90808,155864,2011,12,15,12,M,Keith Mitchell
41989,47820,2011,12,17,1,O,David H.
90689,155259,2011,12,22,20,M,Max Goodman
41985,47820,2011,12,23,1,O,David H.
41984,153444,2011,12,23,1,O,Bryce Boe
41971,47820,2011,12,23,1,O,David H.
41959,47820,2011,12,23,1,O,David H.
90546,47820,2011,12,23,4,M,David H.
90635,155195,2011,12,27,10,M,Brian Simpson
90563,76310,2011,12,28,18,M,Neil Williams
90690,155259,2012,1,2,9,M,Max Goodman
41977,153444,2012,1,3,1,O,Bryce Boe
90547,47820,2012,1,4,4,M,David H.
41971,47820,2012,1,4,4,O,David H.
90521,955,2012,1,4,1,M,Andre d
41965,47820,2012,1,4,1,O,David H.
41961,47820,2012,1,4,1,O,David H.
41957,47820,2012,1,4,1,O,David H.
41963,47820,2012,1,4,1,O,David H.
41976,955,2012,1,4,1,O,Andre d
90827,155868,2012,1,5,1,M,Jason Harvey
90809,155864,2012,1,5,9,M,Keith Mitchell
41970,153444,2012,1,6,1,O,Bryce Boe
43383,153444,2012,1,7,1,O,Bryce Boe
90597,153444,2012,1,7,6,M,Bryce Boe
43399,153444,2012,1,7,1,O,Bryce Boe
41955,47820,2012,1,13,1,O,David H.
43532,155195,2012,1,13,2,O,Brian Simpson
90636,155195,2012,1,13,4,M,Brian Simpson
90663,155199,2012,1,17,4,M,Logan Hanks
41863,955,2012,1,19,1,O,Andre d
43532,153444,2012,1,24,2,O,Bryce Boe
43255,89258,2012,1,26,1,O,Andrew Smith
90564,76310,2012,1,30,17,M,Neil Williams
90522,955,2012,2,3,3,M,Andre d
41950,955,2012,2,3,1,O,Andre d
41944,155600,2012,2,5,4,O,aperson
90691,155259,2012,2,7,14,M,Max Goodman
41943,955,2012,2,7,1,O,Andre d
90664,155199,2012,2,8,3,M,Logan Hanks
90565,76310,2012,2,9,11,M,Neil Williams
41936,153444,2012,2,13,1,O,Bryce Boe
90637,155195,2012,2,13,4,M,Brian Simpson
90598,153444,2012,2,13,1,M,Bryce Boe
90810,155864,2012,2,14,14,M,Keith Mitchell
41933,955,2012,2,20,1,O,Andre d
41932,955,2012,2,21,1,O,Andre d
41938,89258,2012,2,23,20,O,Andrew Smith
41925,155600,2012,2,24,1,O,aperson
90761,155600,2012,2,24,1,M,aperson
41918,153444,2012,3,2,1,O,Bryce Boe
41921,153444,2012,3,2,1,O,Bryce Boe
90811,155864,2012,3,13,11,M,Keith Mitchell
90692,155259,2012,3,13,35,M,Max Goodman
90720,155338,2012,3,14,15,M,Dave Pifke
42913,153444,2012,3,15,1,O,Bryce Boe
90599,153444,2012,3,15,3,M,Bryce Boe
90665,155199,2012,3,23,6,M,Logan Hanks
41881,155364,2012,3,27,2,O,DEADB33F
90721,155364,2012,3,27,1,M,DEADB33F
90566,76310,2012,3,28,28,M,Neil Williams
41879,155842,2012,3,28,2,O,Chad Birch
90725,155366,2012,3,29,1,M,Ricky Ramirez
90784,155842,2012,3,30,1,M,Chad Birch
41877,155842,2012,3,30,1,O,Chad Birch
90638,155195,2012,3,30,10,M,Brian Simpson
41876,155364,2012,3,30,1,O,DEADB33F
41875,155842,2012,3,31,1,O,Chad Birch
41874,153444,2012,4,2,1,O,Bryce Boe
90639,155195,2012,4,2,11,M,Brian Simpson
90812,155864,2012,4,3,15,M,Keith Mitchell
41873,153444,2012,4,3,1,O,Bryce Boe
41872,153444,2012,4,4,1,O,Bryce Boe
41870,155364,2012,4,10,1,O,DEADB33F
41871,155364,2012,4,10,2,O,DEADB33F
41867,155364,2012,4,12,1,O,DEADB33F
41865,153444,2012,4,16,1,O,Bryce Boe
41863,155195,2012,4,16,5,O,Brian Simpson
42703,155195,2012,4,16,2,O,Brian Simpson
42707,155195,2012,4,16,2,O,Brian Simpson
41863,955,2012,4,17,1,O,Andre d
41862,153444,2012,4,19,1,O,Bryce Boe
90600,153444,2012,4,19,7,M,Bryce Boe
41861,153444,2012,4,20,1,O,Bryce Boe
41860,155364,2012,4,24,1,O,DEADB33F
90693,155259,2012,4,24,9,M,Max Goodman
90666,155199,2012,4,25,22,M,Logan Hanks
90722,155364,2012,4,25,7,M,DEADB33F
41855,153444,2012,4,26,1,O,Bryce Boe
90567,76310,2012,4,27,29,M,Neil Williams
41857,155364,2012,4,28,2,O,DEADB33F
41851,955,2012,4,30,1,O,Andre d
90723,155364,2012,5,9,1,M,DEADB33F
41849,155364,2012,5,9,1,O,DEADB33F
90752,155543,2012,5,10,5,M,shlurbee
41863,955,2012,5,10,1,O,Andre d
41844,151562,2012,5,13,1,O,Joe Alcorn
90813,155864,2012,5,16,6,M,Keith Mitchell
90568,76310,2012,5,21,36,M,Neil Williams
90601,153444,2012,5,22,1,M,Bryce Boe
41839,153444,2012,5,22,1,O,Bryce Boe
41836,955,2012,5,23,1,O,Andre d
90523,955,2012,5,23,1,M,Andre d
90640,155195,2012,5,30,4,M,Brian Simpson
90694,155259,2012,5,31,17,M,Max Goodman
42703,155195,2012,6,6,1,O,Brian Simpson
90641,155195,2012,6,6,13,M,Brian Simpson
42707,155195,2012,6,6,2,O,Brian Simpson
90814,155864,2012,6,12,14,M,Keith Mitchell
90695,155259,2012,6,19,16,M,Max Goodman
90667,155199,2012,6,20,1,M,Logan Hanks
90753,155543,2012,6,27,9,M,shlurbee
90524,955,2012,6,27,1,M,Andre d
41826,955,2012,6,27,1,O,Andre d
90569,76310,2012,6,28,42,M,Neil Williams
90696,155259,2012,7,7,20,M,Max Goodman
90642,155195,2012,7,18,21,M,Brian Simpson
90754,155543,2012,7,26,19,M,shlurbee
90570,76310,2012,7,30,36,M,Neil Williams
90815,155864,2012,7,30,13,M,Keith Mitchell
90668,155199,2012,7,31,21,M,Logan Hanks
41813,155842,2012,8,8,1,O,Chad Birch
42709,62975,2012,8,10,4,O,maxwellhansen
41811,62975,2012,8,10,3,O,maxwellhansen
90643,155195,2012,8,13,10,M,Brian Simpson
41806,62975,2012,8,13,1,O,maxwellhansen
41804,62975,2012,8,14,1,O,maxwellhansen
41802,62975,2012,8,15,1,O,maxwellhansen
90553,62975,2012,8,15,3,M,maxwellhansen
90828,155868,2012,8,16,13,M,Jason Harvey
90816,155864,2012,8,22,20,M,Keith Mitchell
41795,62975,2012,8,23,1,O,maxwellhansen
90697,155259,2012,8,23,46,M,Max Goodman
42703,955,2012,8,24,13,O,Andre d
90525,955,2012,8,24,14,M,Andre d
41788,62975,2012,8,24,1,O,maxwellhansen
42707,955,2012,8,24,16,O,Andre d
90669,155199,2012,8,27,14,M,Logan Hanks
90755,155543,2012,8,28,6,M,shlurbee
90571,76310,2012,8,30,46,M,Neil Williams
42707,155259,2012,8,30,4,O,Max Goodman
41770,155477,2012,8,31,2,O,Jonas Häggqvist
41763,155471,2012,9,5,6,O,Kevin Kress
42707,155259,2012,9,5,1,O,Max Goodman
90745,155471,2012,9,8,1,M,Kevin Kress
41749,155471,2012,9,8,1,O,Kevin Kress
42707,955,2012,9,11,39,O,Andre d
41734,155842,2012,9,12,2,O,Chad Birch
41729,955,2012,9,12,2,O,Andre d
42703,955,2012,9,12,21,O,Andre d
90756,155543,2012,9,12,5,M,shlurbee
41675,955,2012,9,12,13,O,Andre d
41695,155259,2012,9,12,4,O,Max Goodman
41675,155259,2012,9,12,4,O,Max Goodman
41679,155259,2012,9,12,4,O,Max Goodman
41695,955,2012,9,12,15,O,Andre d
41676,155259,2012,9,12,4,O,Max Goodman
90698,155259,2012,9,14,35,M,Max Goodman
41752,155471,2012,9,17,9,O,Kevin Kress
90829,155868,2012,9,17,3,M,Jason Harvey
41676,955,2012,9,18,13,O,Andre d
90793,155862,2012,9,18,1,M,Roger Ostrander
41679,955,2012,9,18,15,O,Andre d
41727,955,2012,9,19,1,O,Andre d
41725,955,2012,9,20,3,O,Andre d
90670,155199,2012,9,21,19,M,Logan Hanks
41717,955,2012,9,22,1,O,Andre d
41719,955,2012,9,22,1,O,Andre d
41714,955,2012,9,25,1,O,Andre d
90817,155864,2012,9,26,10,M,Keith Mitchell
90726,155366,2012,9,27,1,M,Ricky Ramirez
90602,153444,2012,9,28,1,M,Bryce Boe
41705,153444,2012,9,28,1,O,Bryce Boe
90526,955,2012,9,28,44,M,Andre d
42702,955,2012,9,28,9,O,Andre d
90572,76310,2012,9,29,30,M,Neil Williams
41679,955,2012,10,1,46,O,Andre d
41704,955,2012,10,1,1,O,Andre d
41676,955,2012,10,1,45,O,Andre d
41734,155842,2012,10,1,1,O,Chad Birch
41675,955,2012,10,1,45,O,Andre d
90818,155864,2012,10,9,24,M,Keith Mitchell
90699,155259,2012,10,9,27,M,Max Goodman
41695,955,2012,10,9,24,O,Andre d
41690,955,2012,10,10,1,O,Andre d
90671,155199,2012,10,18,21,M,Logan Hanks
90644,155195,2012,10,21,32,M,Brian Simpson
90573,76310,2012,10,26,28,M,Neil Williams
90757,155543,2012,10,29,16,M,shlurbee
90527,955,2012,10,30,47,M,Andre d
90727,155366,2012,10,30,2,M,Ricky Ramirez
90794,155862,2012,10,31,2,M,Roger Ostrander
90645,155195,2012,11,3,23,M,Brian Simpson
90700,155259,2012,11,8,30,M,Max Goodman
41679,955,2012,11,11,3,O,Andre d
90819,155864,2012,11,12,13,M,Keith Mitchell
90758,155543,2012,11,16,6,M,shlurbee
90830,155868,2012,11,16,3,M,Jason Harvey
90724,155364,2012,11,19,1,M,DEADB33F
90672,155199,2012,11,20,2,M,Logan Hanks
90574,76310,2012,11,20,31,M,Neil Williams
90795,155862,2012,11,20,2,M,Roger Ostrander
90728,155366,2012,11,21,1,M,Ricky Ramirez
90528,955,2012,11,30,19,M,Andre d
41675,955,2012,11,30,19,O,Andre d
41676,955,2012,11,30,19,O,Andre d
41675,955,2012,12,6,1,O,Andre d
90646,155195,2012,12,6,5,M,Brian Simpson
41674,955,2012,12,11,1,O,Andre d
90673,155199,2012,12,12,7,M,Logan Hanks
41673,955,2012,12,12,7,O,Andre d
90701,155259,2012,12,12,18,M,Max Goodman
41668,955,2012,12,13,4,O,Andre d
90529,955,2012,12,13,12,M,Andre d
42696,955,2012,12,13,4,O,Andre d
90575,76310,2012,12,14,40,M,Neil Williams
90729,155366,2012,12,19,4,M,Ricky Ramirez
42656,155471,2012,12,23,3,O,Kevin Kress
90746,155471,2012,12,23,3,M,Kevin Kress
41669,153444,2012,12,26,1,O,Bryce Boe
90603,153444,2012,12,26,1,M,Bryce Boe
90831,155868,2012,12,27,2,M,Jason Harvey
90796,155862,2012,12,30,2,M,Roger Ostrander
90820,155864,2012,12,31,11,M,Keith Mitchell
90604,153444,2013,1,7,2,M,Bryce Boe
42597,153444,2013,1,7,1,O,Bryce Boe
41667,955,2013,1,7,1,O,Andre d
41668,955,2013,1,7,1,O,Andre d
90530,955,2013,1,13,13,M,Andre d
41664,153444,2013,1,15,1,O,Bryce Boe
41663,153444,2013,1,16,1,O,Bryce Boe
90821,155864,2013,1,17,18,M,Keith Mitchell
90730,155366,2013,1,17,6,M,Ricky Ramirez
90832,155868,2013,1,19,2,M,Jason Harvey
41662,955,2013,1,21,1,O,Andre d
41661,955,2013,1,22,2,O,Andre d
90702,155259,2013,1,22,19,M,Max Goodman
42577,955,2013,1,25,5,O,Andre d
90797,155862,2013,1,27,2,M,Roger Ostrander
41660,151562,2013,1,27,1,O,Joe Alcorn
90576,76310,2013,1,28,53,M,Neil Williams
90785,155842,2013,1,28,6,M,Chad Birch
42556,955,2013,1,28,2,O,Andre d
42547,955,2013,1,29,1,O,Andre d
90593,151562,2013,1,30,2,M,Joe Alcorn
90674,155199,2013,1,30,5,M,Logan Hanks
90647,155195,2013,1,30,22,M,Brian Simpson
41657,151562,2013,1,30,1,O,Joe Alcorn
41655,153444,2013,2,4,1,O,Bryce Boe
41654,151562,2013,2,4,1,O,Joe Alcorn
90577,76310,2013,2,4,16,M,Neil Williams
41652,955,2013,2,4,1,O,Andre d
90594,151562,2013,2,6,5,M,Joe Alcorn
41650,151562,2013,2,6,1,O,Joe Alcorn
41648,151562,2013,2,7,1,O,Joe Alcorn
90731,155366,2013,2,10,11,M,Ricky Ramirez
90624,155140,2013,2,11,3,M,David King
41645,955,2013,2,13,1,O,Andre d
90762,155600,2013,2,19,1,M,aperson
41641,155600,2013,2,19,1,O,aperson
41638,155600,2013,2,19,2,O,aperson
90648,155195,2013,2,19,21,M,Brian Simpson
90531,955,2013,2,22,6,M,Andre d
41633,955,2013,2,22,2,O,Andre d
90675,155199,2013,2,22,14,M,Logan Hanks
41631,955,2013,2,22,2,O,Andre d
41630,955,2013,2,22,1,O,Andre d
42544,151562,2013,2,24,1,O,Joe Alcorn
90786,155842,2013,2,26,17,M,Chad Birch
90798,155862,2013,2,26,1,M,Roger Ostrander
41628,151562,2013,2,27,1,O,Joe Alcorn
90703,155259,2013,2,27,29,M,Max Goodman
90833,155868,2013,2,28,9,M,Jason Harvey
41639,955,2013,3,7,1,O,Andre d
90834,155868,2013,3,11,2,M,Jason Harvey
90532,955,2013,3,11,5,M,Andre d
41625,955,2013,3,11,2,O,Andre d
90649,155195,2013,3,11,20,M,Brian Simpson
41449,955,2013,3,12,4,O,Andre d
90787,155842,2013,3,12,21,M,Chad Birch
90578,76310,2013,3,13,20,M,Neil Williams
90676,155199,2013,3,15,2,M,Logan Hanks
90822,155864,2013,3,22,7,M,Keith Mitchell
41620,47820,2013,3,27,1,O,David H.
90548,47820,2013,3,27,1,M,David H.
90732,155366,2013,3,28,2,M,Ricky Ramirez
90704,155259,2013,3,31,66,M,Max Goodman
90823,155864,2013,4,1,3,M,Keith Mitchell
41611,47820,2013,4,4,1,O,David H.
42543,47820,2013,4,5,1,O,David H.
90835,155868,2013,4,8,1,M,Jason Harvey
41606,47820,2013,4,9,1,O,David H.
41612,47820,2013,4,10,3,O,David H.
41607,47820,2013,4,10,2,O,David H.
90733,155366,2013,4,11,1,M,Ricky Ramirez
90677,155199,2013,4,12,1,M,Logan Hanks
90650,155195,2013,4,15,34,M,Brian Simpson
90549,47820,2013,4,16,9,M,David H.
41597,47820,2013,4,16,1,O,David H.
90705,155259,2013,4,23,46,M,Max Goodman
41594,47820,2013,4,24,2,O,David H.
90799,155862,2013,4,26,1,M,Roger Ostrander
90579,76310,2013,4,30,1,M,Neil Williams
90788,155842,2013,4,30,13,M,Chad Birch
41584,47820,2013,5,6,1,O,David H.
41586,47820,2013,5,6,1,O,David H.
90550,47820,2013,5,6,1,M,David H.
90580,76310,2013,5,7,25,M,Neil Williams
41630,955,2013,5,8,1,O,Andre d
41642,955,2013,5,8,2,O,Andre d
41578,955,2013,5,8,2,O,Andre d
41582,955,2013,5,8,2,O,Andre d
41580,955,2013,5,8,1,O,Andre d
41449,955,2013,5,9,1,O,Andre d
41572,955,2013,5,9,1,O,Andre d
41568,955,2013,5,10,4,O,Andre d
90734,155366,2013,5,10,7,M,Ricky Ramirez
90651,155195,2013,5,13,16,M,Brian Simpson
41564,955,2013,5,13,1,O,Andre d
41563,955,2013,5,14,1,O,Andre d
41561,955,2013,5,14,2,O,Andre d
41556,955,2013,5,14,33,O,Andre d
41550,955,2013,5,15,1,O,Andre d
90706,155259,2013,5,19,83,M,Max Goodman
41542,955,2013,5,20,9,O,Andre d
90836,155868,2013,5,20,3,M,Jason Harvey
41545,955,2013,5,20,2,O,Andre d
41547,955,2013,5,20,1,O,Andre d
41548,955,2013,5,20,3,O,Andre d
41565,955,2013,5,20,2,O,Andre d
41546,955,2013,5,21,2,O,Andre d
41530,955,2013,5,21,1,O,Andre d
90789,155842,2013,5,23,7,M,Chad Birch
41536,955,2013,5,28,1,O,Andre d
41438,955,2013,5,28,1,O,Andre d
41534,955,2013,5,28,1,O,Andre d
41538,955,2013,5,29,1,O,Andre d
90533,955,2013,5,29,35,M,Andre d
41528,955,2013,6,3,1,O,Andre d
41536,955,2013,6,5,1,O,Andre d
41525,955,2013,6,6,2,O,Andre d
41524,955,2013,6,6,1,O,Andre d
41525,155259,2013,6,6,1,O,Max Goodman
90534,955,2013,6,6,15,M,Andre d
41434,955,2013,6,7,2,O,Andre d
41521,955,2013,6,10,1,O,Andre d
41522,955,2013,6,10,2,O,Andre d
90652,155195,2013,6,11,13,M,Brian Simpson
90790,155842,2013,6,12,16,M,Chad Birch
41548,955,2013,6,12,1,O,Andre d
41564,955,2013,6,12,2,O,Andre d
41512,955,2013,6,17,1,O,Andre d
41515,955,2013,6,17,1,O,Andre d
90735,155366,2013,6,19,10,M,Ricky Ramirez
90707,155259,2013,6,20,19,M,Max Goodman
41517,955,2013,6,24,4,O,Andre d
41508,955,2013,6,24,1,O,Andre d
90800,155862,2013,6,25,2,M,Roger Ostrander
90581,76310,2013,6,26,10,M,Neil Williams
41505,955,2013,6,28,2,O,Andre d
41432,955,2013,7,1,2,O,Andre d
41498,955,2013,7,5,1,O,Andre d
41500,955,2013,7,5,1,O,Andre d
41497,955,2013,7,8,1,O,Andre d
41496,955,2013,7,9,1,O,Andre d
41494,955,2013,7,9,1,O,Andre d
41492,955,2013,7,11,6,O,Andre d
90736,155366,2013,7,12,9,M,Ricky Ramirez
90653,155195,2013,7,12,15,M,Brian Simpson
41638,155600,2013,7,15,1,O,aperson
41428,955,2013,7,16,2,O,Andre d
90582,76310,2013,7,16,10,M,Neil Williams
41485,955,2013,7,16,1,O,Andre d
41483,955,2013,7,17,1,O,Andre d
90837,155868,2013,7,18,1,M,Jason Harvey
41563,955,2013,7,22,1,O,Andre d
41502,955,2013,7,23,7,O,Andre d
90678,155199,2013,7,23,1,M,Logan Hanks
41476,955,2013,7,24,7,O,Andre d
41479,955,2013,7,24,1,O,Andre d
90791,155842,2013,7,24,19,M,Chad Birch
90708,155259,2013,7,26,43,M,Max Goodman
41470,155775,2013,7,28,1,O,Jeremy Edberg
41416,155477,2013,7,29,4,O,Jonas Häggqvist
41418,955,2013,7,29,41,O,Andre d
41468,955,2013,7,30,1,O,Andre d
90801,155862,2013,7,30,3,M,Roger Ostrander
90535,955,2013,7,31,18,M,Andre d
41406,955,2013,7,31,4,O,Andre d
41413,955,2013,7,31,2,O,Andre d
41411,955,2013,8,4,2,O,Andre d
41467,955,2013,8,5,2,O,Andre d
41465,955,2013,8,7,1,O,Andre d
41545,955,2013,8,8,1,O,Andre d
41565,955,2013,8,8,1,O,Andre d
90737,155366,2013,8,9,9,M,Ricky Ramirez
41400,955,2013,8,11,1,O,Andre d
41463,955,2013,8,12,3,O,Andre d
90536,955,2013,8,12,5,M,Andre d
41398,955,2013,8,12,1,O,Andre d
41406,955,2013,8,14,10,O,Andre d
90654,155195,2013,8,20,1,M,Brian Simpson
90709,155259,2013,8,21,11,M,Max Goodman
90583,76310,2013,8,21,8,M,Neil Williams
90792,155842,2013,8,21,16,M,Chad Birch
90802,155862,2013,8,28,1,M,Roger Ostrander
90710,155259,2013,9,3,5,M,Max Goodman
90584,76310,2013,9,9,4,M,Neil Williams
41411,955,2013,9,9,1,O,Andre d
41455,47820,2013,9,9,1,O,David H.
90537,955,2013,9,24,2,M,Andre d
81068,955,2013,9,24,1,O,Andre d
90655,155195,2013,9,24,1,M,Brian Simpson
41406,955,2013,9,25,1,O,Andre d
90585,76310,2013,10,1,1,M,Neil Williams
